Volume (L),Measured Frequency (GHz),Frequency (MHz),Height (cm),Expected Frequency (GHz),Percent error
0,2.28584,2285.84,19.25,2.267,0.83%
0.1,2.32766,2327.66,16.9,2.307,0.90%
0.2,2.3915,2391.5,14.5,2.367,1.04%
0.3,2.49055,2490.55,12.5,2.444,1.90%
0.4,2.65783,2657.83,10.5,2.564,3.66%
0.5,2.96928,2969.28,8.5,2.765,7.39%
0.6,3.48874,3488.74,6.5,3.139,11.14%
0.68,4.43947,4439.47,4.9,3.727,19.12%